,population,birthPer1000,deathPer1000,GDPPerCapita,GDPPurchasePower,reservesOfForeignCurrency,electricityConsumption,laborForce
population,1.0,0.01219604812833602,0.0361524244633918,-0.06186797137188324,0.7867764312992751,0.7037638872107191,0.7563925529623993,0.9818969812697087
birthPer1000,0.01219604812833602,1.0,0.002526624494465791,-0.4679142662403002,-0.11259827558051971,-0.13366794631022597,-0.10736939530082022,-0.019860917441063507
deathPer1000,0.0361524244633918,0.002526624494465791,1.0,0.15328293519592576,0.09553497568930927,0.07497626777879225,0.08525573533928886,0.041087913155273846
GDPPerCapita,-0.06186797137188324,-0.4679142662403002,0.15328293519592576,1.0,0.10153699942265536,0.09269435213258678,0.08483054240375547,-0.04292120078384308
GDPPurchasePower,0.7867764312992751,-0.11259827558051971,0.09553497568930927,0.10153699942265536,1.0,0.7299931123172997,0.975650254298838,0.8210974566739764
reservesOfForeignCurrency,0.7037638872107191,-0.13366794631022597,0.07497626777879225,0.09269435213258678,0.7299931123172997,1.0,0.7938736178588168,0.7932452643484849
electricityConsumption,0.7563925529623993,-0.10736939530082022,0.08525573533928886,0.08483054240375547,0.975650254298838,0.7938736178588168,1.0,0.8214056010566035
laborForce,0.9818969812697087,-0.019860917441063507,0.041087913155273846,-0.04292120078384308,0.8210974566739764,0.7932452643484849,0.8214056010566035,1.0
