,variable,eigenvalue
0,1,4.329771680981530
1,2,1.5496223606589000
2,3,1.3009184540465800
3,4,1.2192011561255200
4,5,0.9536788900058930
5,6,0.7813800856659980
6,7,0.7446950447616910
7,8,0.4891297945977910