,variable,eigenvalue
0,population,4.329771680981532
1,educationExpenditures,1.5496223606589028
2,GDPPerCapita,1.3009184540465832
3,inflationRate,1.2192011561255232
4,GDPGrowthRate,0.9536788900058926
5,electricityConsumption,0.7813800856659978
6,laborForce,0.7446950447616905
7,reservesOfForeignCurrency,0.4891297945977913
